x,rating,reviews,installs
rating,1.0,0.06814146700099001,0.051354566055999855
reviews,0.06814146700099001,1.0,0.643122068323044
installs,0.051354566055999855,0.643122068323044,1.0
