col1,col2,col3
x,rating,reviews
rating,1.0,0.06814146700099001
reviews,0.06814146700099001,1.0
